TAG,COUNTY_ID,COUNTY,TOWN_ID,TOWN,FLD01,FLD02,FLD03,FLD04,FLD05,FLD06,FLD07,FLD08,INFO_TIME
標籤,縣市代碼,縣市名稱,鄉鎮市區代碼,鄉鎮市區名稱,納稅單位,綜合所得總額,平均數,中位數,第一分位數,第三分位數,標準差,變異係數,資料時間
,65000,新北市,65000050,新莊區,127294,87304675,686,427,207,849,869.81,126.82,"109Y"
,65000,新北市,65000170,林口區,37883,37794601,998,574,257,1249,1456.3,145.97,"109Y"
,65000,新北市,65000150,五股區,25578,15747973,616,388,190,729,4336.81,704.39,"109Y"
,65000,新北市,65000140,蘆洲區,57354,36973658,645,406,200,794,827.16,128.31,"109Y"
,65000,新北市,65000020,三重區,111041,73044346,658,405,199,802,938.48,142.67,"109Y"
,65000,新北市,65000160,泰山區,23243,15631158,673,436,207,873,794.27,118.1,"109Y"
,65000,新北市,65000060,新店區,97906,84592747,864,480,220,1019,1630.35,188.69,"109Y"
,65000,新北市,65000190,石碇區,1680,886179,527,349,176,627,693.49,131.47,"109Y"
,65000,新北市,65000180,深坑區,6989,4634901,663,413,202,817,977.86,147.45,"109Y"
,65000,新北市,65000200,坪林區,1444,773276,536,370,176,647,725.54,135.49,"109Y"
,65000,新北市,65000290,烏來區,1367,779231,570,412,205,749,576.87,101.2,"109Y"
,65000,新北市,65000010,板橋區,165110,127039222,769,465,222,949,1090.27,141.7,"109Y"
,65000,新北市,65000090,三峽區,30912,20961162,678,423,200,845,936.38,138.09,"109Y"
,65000,新北市,65000080,鶯歌區,24584,13853171,564,380,193,701,665.43,118.09,"109Y"
,65000,新北市,65000070,樹林區,53110,34387675,647,403,198,791,839.14,129.6,"109Y"
,65000,新北市,65000030,中和區,126099,93531345,742,459,217,928,1013.8,136.68,"109Y"
,65000,新北市,65000130,土城區,69173,43422335,628,407,202,786,788.13,125.55,"109Y"
,65000,新北市,65000120,瑞芳區,9559,4683922,490,345,175,614,563.27,114.95,"109Y"
,65000,新北市,65000240,平溪區,868,429649,495,330,171,597,595.15,120.24,"109Y"
,65000,新北市,65000250,雙溪區,1832,980455,535,358,175,673,932.46,174.23,"109Y"
,65000,新北市,65000260,貢寮區,2347,1150350,490,336,179,609,584.24,119.2,"109Y"
,65000,新北市,65000270,金山區,4939,2487596,504,335,163,617,732.86,145.51,"109Y"
,65000,新北市,65000280,萬里區,4607,2291153,497,337,175,601,630.37,126.75,"109Y"
,65000,新北市,65000100,淡水區,58384,43858098,751,459,204,943,1340.57,178.46,"109Y"
,65000,新北市,65000110,汐止區,68624,51242795,747,452,216,914,1033.74,138.44,"109Y"
,65000,新北市,65000210,三芝區,5668,2720473,480,317,153,584,620.9,129.36,"109Y"
,65000,新北市,65000220,石門區,2638,1290466,489,320,152,596,728.37,148.89,"109Y"
,65000,新北市,65000230,八里區,10786,6317433,586,374,186,723,782.99,133.68,"109Y"
,65000,新北市,65000040,永和區,69399,60206471,868,514,231,1077,1459.57,168.24,"109Y"
X,65000,新北市,65000999,其他,48,53228,1109,475,253,1239,2121.71,191.33,"109Y"
,63000,臺北市,63000010,松山區,69548,82563751,1187,628,264,1396,2544.06,214.3,"109Y"
,63000,臺北市,63000030,大安區,106080,147131585,1387,690,278,1591,3346.49,241.28,"109Y"
,63000,臺北市,63000050,中正區,52028,63439300,1219,653,269,1454,2451.08,201.02,"109Y"
,63000,臺北市,63000070,萬華區,53931,39575795,734,439,203,898,1083.23,147.62,"109Y"
,63000,臺北市,63000060,大同區,40388,34845506,863,483,218,1025,1582.01,183.36,"109Y"
,63000,臺北市,63000040,中山區,79546,87690377,1102,560,238,1235,2616.59,237.36,"109Y"
,63000,臺北市,63000080,文山區,88753,89827756,1012,573,248,1243,1677.29,165.72,"109Y"
,63000,臺北市,63000090,南港區,39454,37513731,951,516,236,1112,1736.12,182.59,"109Y"
,63000,臺北市,63000100,內湖區,97466,106078118,1088,589,261,1289,1965.76,180.62,"109Y"
,63000,臺北市,63000110,士林區,90786,91313059,1006,522,232,1140,2695.51,267.99,"109Y"
,63000,臺北市,63000120,北投區,80989,76984887,951,524,230,1129,1714.04,180.32,"109Y"
,63000,臺北市,63000020,信義區,73014,75049219,1028,543,243,1166,2444.78,237.85,"109Y"
X,63000,臺北市,63000999,其他,147,175124,1191,431,228,1312,2195.91,184.33,"109Y"
,68000,桃園市,68000010,桃園區,137607,112510745,818,496,234,1008,1234.29,150.96,"109Y"
,68000,桃園市,68000030,大溪區,23948,14294827,597,399,201,739,719.03,120.46,"109Y"
,68000,桃園市,68000020,中壢區,123773,91001043,735,477,235,922,925.93,125.94,"109Y"
,68000,桃園市,68000040,楊梅區,51707,33424247,646,433,223,797,860.4,133.1,"109Y"
,68000,桃園市,68000050,蘆竹區,50672,40710195,803,506,246,989,1031.68,128.41,"109Y"
,68000,桃園市,68000060,大園區,26538,16843396,635,412,216,764,842.85,132.8,"109Y"
,68000,桃園市,68000070,龜山區,48672,34817176,715,458,223,898,939.69,131.36,"109Y"
,68000,桃園市,68000080,八德區,58390,36919860,632,427,215,789,803.2,127.03,"109Y"
,68000,桃園市,68000090,龍潭區,34444,23607617,685,442,220,837,1019.32,148.72,"109Y"
,68000,桃園市,68000100,平鎮區,64561,43505594,674,446,226,837,1184.63,175.8,"109Y"
,68000,桃園市,68000110,新屋區,13152,7194195,547,383,208,676,629.12,115.01,"109Y"
,68000,桃園市,68000120,觀音區,18985,10137742,534,393,212,672,568.05,106.38,"109Y"
,68000,桃園市,68000130,復興區,1704,865850,508,383,193,650,536.86,105.65,"109Y"
X,68000,桃園市,68000999,其他,21,15953,760,493,311,779,1026.03,135.07,"109Y"
,66000,臺中市,66000010,中區,4048,2934528,725,402,168,842,1483.99,204.71,"109Y"
,66000,臺中市,66000020,東區,20596,12970914,630,393,177,801,780.05,123.86,"109Y"
,66000,臺中市,66000040,西區,34564,31067132,899,491,208,1053,2116.98,235.53,"109Y"
,66000,臺中市,66000030,南區,38269,27993945,732,468,209,953,870.91,119.06,"109Y"
,66000,臺中市,66000050,北區,41250,31083784,754,431,190,898,1393.56,184.93,"109Y"
,66000,臺中市,66000060,西屯區,69458,65527091,943,517,230,1111,1598.72,169.46,"109Y"
,66000,臺中市,66000070,南屯區,53570,50177523,937,542,238,1144,1512.61,161.49,"109Y"
,66000,臺中市,66000080,北屯區,82627,62789787,760,468,210,950,1000.54,131.66,"109Y"
,66000,臺中市,66000090,豐原區,45996,28086626,611,380,176,746,816.32,133.68,"109Y"
,66000,臺中市,66000100,東勢區,10758,5701866,530,358,168,659,597.62,112.76,"109Y"
,66000,臺中市,66000110,大甲區,19805,11693882,590,375,184,707,867.16,146.86,"109Y"
,66000,臺中市,66000120,清水區,23289,13416331,576,386,187,725,687.57,119.35,"109Y"
,66000,臺中市,66000130,沙鹿區,25599,17578446,687,447,213,854,914.27,133.14,"109Y"
,66000,臺中市,66000140,梧棲區,16164,9662822,598,409,193,758,721.74,120.73,"109Y"
,66000,臺中市,66000160,神岡區,17538,9318893,531,346,168,648,745.52,140.31,"109Y"
,66000,臺中市,66000150,后里區,13090,7246229,554,377,181,690,632.6,114.28,"109Y"
,66000,臺中市,66000180,大雅區,25748,15773318,613,393,188,744,1175.8,191.94,"109Y"
,66000,臺中市,66000170,潭子區,30045,17676216,588,387,184,723,726.83,123.54,"109Y"
,66000,臺中市,66000190,新社區,4251,2236476,526,358,173,646,640.65,121.77,"109Y"
,66000,臺中市,66000200,石岡區,3506,1838316,524,355,166,641,649.52,123.88,"109Y"
,66000,臺中市,66000210,外埔區,7809,4221430,541,378,184,680,601.42,111.25,"109Y"
,66000,臺中市,66000220,大安區,4383,2241553,511,353,175,615,624.76,122.16,"109Y"
,66000,臺中市,66000230,烏日區,20845,13004516,624,410,192,784,852.14,136.59,"109Y"
,66000,臺中市,66000240,大肚區,15123,8274195,547,374,186,680,656.14,119.92,"109Y"
,66000,臺中市,66000250,龍井區,21333,12601486,591,394,192,744,852.72,144.36,"109Y"
,66000,臺中市,66000260,霧峰區,15958,8741936,548,357,171,671,774.93,141.46,"109Y"
,66000,臺中市,66000270,太平區,48244,27508932,570,378,178,716,695.2,121.92,"109Y"
,66000,臺中市,66000280,大里區,56290,33467953,595,387,182,743,759.89,127.81,"109Y"
,66000,臺中市,66000290,和平區,1629,834809,512,360,176,653,524.55,102.36,"109Y"
X,66000,臺中市,66000999,其他,23,18480,803,446,165,977,991.24,123.37,"109Y"
,67000,臺南市,67000320,東區,54139,47377074,875,508,229,1070,1319.56,150.79,"109Y"
,67000,臺南市,67000330,南區,31793,19182420,603,390,189,735,807.76,133.88,"109Y"
,67000,臺南市,67000340,北區,36551,29295916,802,466,213,980,1086.72,135.58,"109Y"
,67000,臺南市,67000350,安南區,47344,28788771,608,406,201,756,702.28,115.49,"109Y"
,67000,臺南市,67000360,安平區,18557,14485542,781,463,213,940,1123.39,143.91,"109Y"
,67000,臺南市,67000370,中西區,21750,18426222,847,462,201,990,1431.52,168.97,"109Y"
,67000,臺南市,67000010,新營區,21747,14970440,688,461,222,895,781.58,113.54,"109Y"
,67000,臺南市,67000020,鹽水區,5635,3048985,541,383,202,657,727.95,134.54,"109Y"
,67000,臺南市,67000030,白河區,4960,2645997,533,374,181,672,633.33,118.72,"109Y"
,67000,臺南市,67000040,柳營區,4954,2780550,561,397,202,707,627.53,111.8,"109Y"
,67000,臺南市,67000050,後壁區,4818,2690132,558,401,201,728,578.96,103.69,"109Y"
,67000,臺南市,67000060,東山區,3467,1806873,521,362,193,639,590.49,113.3,"109Y"
,67000,臺南市,67000070,麻豆區,11053,6872685,622,418,214,780,710.03,114.19,"109Y"
,67000,臺南市,67000080,下營區,5180,2908815,562,394,209,707,612.2,109.02,"109Y"
,67000,臺南市,67000090,六甲區,5116,2854038,558,396,212,694,610.06,109.36,"109Y"
,67000,臺南市,67000100,官田區,5367,2932715,546,394,206,703,574.95,105.22,"109Y"
,67000,臺南市,67000110,大內區,1726,816424,473,338,179,590,532.29,112.53,"109Y"
,67000,臺南市,67000120,佳里區,14940,9086134,608,412,210,770,702.04,115.43,"109Y"
,67000,臺南市,67000140,西港區,5594,2989703,534,372,189,652,657.54,123.03,"109Y"
,67000,臺南市,67000150,七股區,3672,1817123,495,338,163,617,601.23,121.49,"109Y"
,67000,臺南市,67000160,將軍區,3336,1626228,487,347,182,599,553.63,113.57,"109Y"
,67000,臺南市,67000170,北門區,1724,863330,501,358,185,622,536.81,107.2,"109Y"
,67000,臺南市,67000130,學甲區,5933,3146669,530,370,190,669,611.39,115.28,"109Y"
,67000,臺南市,67000180,新化區,10487,6119288,584,389,187,714,696.56,119.37,"109Y"
,67000,臺南市,67000190,善化區,14266,12525727,878,535,259,1112,1079.19,122.91,"109Y"
,67000,臺南市,67000200,新市區,10462,6967615,666,431,222,823,830.99,124.77,"109Y"
,67000,臺南市,67000210,安定區,7127,4146557,582,399,205,738,640.87,110.15,"109Y"
,67000,臺南市,67000220,山上區,1623,771629,475,344,181,622,496.15,104.36,"109Y"
,67000,臺南市,67000230,玉井區,2442,1344734,551,381,198,692,628.98,114.22,"109Y"
,67000,臺南市,67000240,楠西區,1393,677082,486,351,186,590,541.05,111.31,"109Y"
,67000,臺南市,67000250,南化區,1320,669093,507,379,200,651,489.05,96.48,"109Y"
,67000,臺南市,67000260,左鎮區,678,316865,467,332,164,576,492.82,105.45,"109Y"
,67000,臺南市,67000270,仁德區,20229,12675104,627,422,211,789,730.19,116.54,"109Y"
,67000,臺南市,67000280,歸仁區,17509,10544371,602,410,211,741,717.67,119.17,"109Y"
,67000,臺南市,67000290,關廟區,7927,4190865,529,369,191,642,628.33,118.85,"109Y"
,67000,臺南市,67000300,龍崎區,628,322999,514,354,176,636,600.1,116.68,"109Y"
,67000,臺南市,67000310,永康區,63786,44619727,700,448,221,865,2511.97,359.1,"109Y"
X,67000,臺南市,67000999,其他,16,15924,995,630,277,1224,1065.08,107.01,"109Y"
,64000,高雄市,64000010,鹽埕區,6345,4080115,643,388,166,784,963.62,149.85,"109Y"
,64000,高雄市,64000020,鼓山區,40247,35121523,873,510,226,1068,1320.23,151.29,"109Y"
,64000,高雄市,64000030,左營區,56437,45120003,799,509,231,1017,1019.26,127.49,"109Y"
,64000,高雄市,64000040,楠梓區,54136,35612033,658,466,228,858,745.33,113.3,"109Y"
,64000,高雄市,64000050,三民區,95008,67905065,715,458,212,906,915.38,128.07,"109Y"
,64000,高雄市,64000060,新興區,15314,13021267,850,478,207,1008,1317.3,154.92,"109Y"
,64000,高雄市,64000070,前金區,8387,7267420,867,484,206,1003,1331.11,153.62,"109Y"
,64000,高雄市,64000080,苓雅區,48466,36884067,761,459,206,935,1122.75,147.53,"109Y"
,64000,高雄市,64000090,前鎮區,50155,33937569,677,442,207,858,875.84,129.44,"109Y"
,64000,高雄市,64000100,旗津區,5442,2656615,488,357,175,615,526.98,107.95,"109Y"
,64000,高雄市,64000110,小港區,42730,26018451,609,433,214,807,630.12,103.48,"109Y"
,64000,高雄市,64000120,鳳山區,97345,62278868,640,438,207,831,750.5,117.31,"109Y"
,64000,高雄市,64000180,鳥松區,13335,12303340,923,509,227,1063,1432.43,155.25,"109Y"
,64000,高雄市,64000170,仁武區,25353,16529377,652,447,216,841,777.35,119.23,"109Y"
,64000,高雄市,64000160,大社區,8843,4986889,564,389,190,711,651.49,115.53,"109Y"
,64000,高雄市,64000150,大樹區,9060,4667173,515,373,184,650,613.08,119.01,"109Y"
,64000,高雄市,64000140,大寮區,26793,14125755,527,372,183,678,735.41,139.49,"109Y"
,64000,高雄市,64000130,林園區,16608,8972302,540,403,203,712,544.22,100.74,"109Y"
,64000,高雄市,64000190,岡山區,27210,16353091,601,410,205,745,717.17,119.33,"109Y"
,64000,高雄市,64000260,茄萣區,6278,3002887,478,334,172,595,519.18,108.54,"109Y"
,64000,高雄市,64000270,永安區,3393,1695458,500,351,178,648,516.64,103.39,"109Y"
,64000,高雄市,64000200,橋頭區,11302,7232240,640,434,218,809,766.76,119.82,"109Y"
,64000,高雄市,64000290,梓官區,8553,4371246,511,370,190,650,574.43,112.4,"109Y"
,64000,高雄市,64000220,田寮區,1174,559539,477,343,173,598,495.72,104.01,"109Y"
,64000,高雄市,64000230,阿蓮區,6507,3524865,542,359,185,656,682.75,126.04,"109Y"
,64000,高雄市,64000240,路竹區,13645,8069814,591,395,204,719,765.96,129.51,"109Y"
,64000,高雄市,64000210,燕巢區,6768,3603101,532,369,189,668,616.24,115.75,"109Y"
,64000,高雄市,64000280,彌陀區,4121,1989384,483,349,178,603,549.64,113.86,"109Y"
,64000,高雄市,64000250,湖內區,7670,4025444,525,357,187,643,625.75,119.23,"109Y"
,64000,高雄市,64000300,旗山區,6979,3731027,535,377,184,673,607.63,113.66,"109Y"
,64000,高雄市,64000320,六龜區,1527,744363,487,348,169,607,703.41,144.3,"109Y"
,64000,高雄市,64000350,內門區,2063,928614,450,334,163,577,469.05,104.2,"109Y"
,64000,高雄市,64000310,美濃區,7233,4008941,554,400,198,710,566,102.12,"109Y"
,64000,高雄市,64000340,杉林區,1536,705846,460,336,169,597,498.46,108.47,"109Y"
,64000,高雄市,64000330,甲仙區,805,360072,447,333,167,590,438.91,98.13,"109Y"
,64000,高雄市,64000360,茂林區,324,201673,622,470,273,736,869.21,139.64,"109Y"
,64000,高雄市,64000370,桃源區,605,305137,504,418,236,658,426.27,84.52,"109Y"
,64000,高雄市,64000380,那瑪夏區,407,223354,549,456,246,719,428.26,78.04,"109Y"
X,64000,高雄市,64000999,其他,28,38167,1363,493,170,1118,2414.46,177.13,"109Y"
,10002,宜蘭縣,10002010,宜蘭市,25598,16732854,654,436,207,840,793.18,121.34,"109Y"
,10002,宜蘭縣,10002040,頭城鎮,5865,3057628,521,357,175,662,643.5,123.43,"109Y"
,10002,宜蘭縣,10002050,礁溪鄉,8741,4967961,568,389,184,716,682.87,120.15,"109Y"
,10002,宜蘭縣,10002060,壯圍鄉,5676,3122546,550,384,195,675,629.99,114.52,"109Y"
,10002,宜蘭縣,10002070,員山鄉,7682,4264027,555,375,185,686,722.07,130.09,"109Y"
,10002,宜蘭縣,10002020,羅東鎮,18764,12002844,640,425,205,800,748.44,117,"109Y"
,10002,宜蘭縣,10002090,五結鄉,11050,6307926,571,393,192,714,701.02,122.8,"109Y"
,10002,宜蘭縣,10002080,冬山鄉,14237,8260338,580,400,202,725,731.43,126.07,"109Y"
,10002,宜蘭縣,10002030,蘇澳鎮,9050,4678252,517,381,200,651,552.93,106.96,"109Y"
,10002,宜蘭縣,10002100,三星鄉,4936,2866716,581,386,187,704,745.11,128.3,"109Y"
,10002,宜蘭縣,10002110,大同鄉,786,382615,487,381,197,609,555.16,114.05,"109Y"
,10002,宜蘭縣,10002120,南澳鄉,1067,491050,460,377,185,627,542.42,117.86,"109Y"
X,10002,宜蘭縣,10002999,其他,2,673,336,336,259,414,219.05,65.1,"109Y"
,10004,新竹縣,10004020,竹東鎮,28782,23920476,831,496,236,1017,1240.96,149.32,"109Y"
,10004,新竹縣,10004040,關西鎮,7197,4235567,589,394,207,732,726.48,123.44,"109Y"
,10004,新竹縣,10004030,新埔鎮,9765,6619315,678,436,218,813,1088.44,160.57,"109Y"
,10004,新竹縣,10004010,竹北市,62906,94075512,1495,885,353,1952,3452.07,230.83,"109Y"
,10004,新竹縣,10004050,湖口鄉,23683,14384307,607,432,226,769,649.13,106.88,"109Y"
,10004,新竹縣,10004080,橫山鄉,3160,1727838,547,386,192,699,590.56,108.01,"109Y"
,10004,新竹縣,10004060,新豐鄉,16963,11361942,670,452,235,843,785.59,117.29,"109Y"
,10004,新竹縣,10004070,芎林鄉,5775,4456825,772,450,225,906,1522.63,197.3,"109Y"
,10004,新竹縣,10004100,寶山鄉,4530,5219673,1152,514,246,1167,3754.24,325.82,"109Y"
,10004,新竹縣,10004090,北埔鄉,2215,1283826,580,397,205,716,704.38,121.53,"109Y"
,10004,新竹縣,10004110,峨眉鄉,1276,712433,558,385,196,692,616.12,110.35,"109Y"
,10004,新竹縣,10004120,尖石鄉,1213,575698,475,356,196,582,527.06,111.05,"109Y"
,10004,新竹縣,10004130,五峰鄉,560,241489,431,356,186,548,378.38,87.74,"109Y"
X,10004,新竹縣,10004999,其他,2,677,339,339,288,389,142.73,42.16,"109Y"
,10005,苗栗縣,10005010,苗栗市,25677,16921481,659,453,219,876,872.28,132.36,"109Y"
,10005,苗栗縣,10005020,苑裡鎮,11459,5991304,523,350,173,644,636.53,121.74,"109Y"
,10005,苗栗縣,10005030,通霄鎮,7884,4005059,508,354,174,641,551.85,108.63,"109Y"
,10005,苗栗縣,10005090,公館鄉,8701,5011258,576,405,208,743,620.73,107.78,"109Y"
,10005,苗栗縣,10005100,銅鑼鄉,4496,2372890,528,392,208,674,546.52,103.55,"109Y"
,10005,苗栗縣,10005130,三義鄉,3955,2070729,524,375,195,668,599.82,114.56,"109Y"
,10005,苗栗縣,10005140,西湖鄉,1651,896874,543,388,204,701,546.72,100.64,"109Y"
,10005,苗栗縣,10005120,頭屋鄉,2736,1530439,559,389,200,719,822.66,147.07,"109Y"
,10005,苗栗縣,10005040,竹南鎮,25972,19350667,745,479,231,941,884.46,118.71,"109Y"
,10005,苗栗縣,10005050,頭份市,31086,21882461,704,455,228,877,847.54,120.4,"109Y"
,10005,苗栗縣,10005150,造橋鄉,3410,1769846,519,383,194,669,512.77,98.8,"109Y"
,10005,苗栗縣,10005060,後龍鎮,8257,4591085,556,387,200,691,604.1,108.65,"109Y"
,10005,苗栗縣,10005160,三灣鄉,1544,796425,516,354,174,665,575.13,111.5,"109Y"
,10005,苗栗縣,10005110,南庄鄉,1792,941891,526,361,182,625,730.92,139.06,"109Y"
,10005,苗栗縣,10005080,大湖鄉,2629,1362245,518,374,181,665,590.56,113.97,"109Y"
,10005,苗栗縣,10005070,卓蘭鎮,3020,1568812,519,373,187,670,577.37,111.14,"109Y"
,10005,苗栗縣,10005170,獅潭鄉,777,413748,532,385,212,672,533.87,100.26,"109Y"
,10005,苗栗縣,10005180,泰安鄉,783,405306,518,396,222,652,488.46,94.36,"109Y"
X,10005,苗栗縣,10005999,其他,10,9080,908,653,384,1285,738.45,81.33,"109Y"
,10007,彰化縣,10007010,彰化市,64902,43477734,670,414,188,829,917.16,136.91,"109Y"
,10007,彰化縣,10007020,鹿港鎮,21799,12465853,572,358,172,680,762.57,133.35,"109Y"
,10007,彰化縣,10007030,和美鎮,24891,14069909,565,365,176,690,719.81,127.34,"109Y"
,10007,彰化縣,10007190,北斗鎮,7628,4461662,585,385,178,736,796.23,136.13,"109Y"
,10007,彰化縣,10007100,員林市,32391,21041856,650,416,197,802,860.4,132.45,"109Y"
,10007,彰化縣,10007110,溪湖鎮,12497,7051585,564,383,179,708,658.35,116.68,"109Y"
,10007,彰化縣,10007120,田中鎮,9269,5147589,555,387,198,702,630.82,113.59,"109Y"
,10007,彰化縣,10007200,二林鎮,9588,5402553,563,389,192,712,653.97,116.06,"109Y"
,10007,彰化縣,10007040,線西鄉,4232,2135494,505,337,161,623,649.86,128.79,"109Y"
,10007,彰化縣,10007050,伸港鄉,9479,4723197,498,345,167,627,573.72,115.14,"109Y"
,10007,彰化縣,10007060,福興鄉,11403,5946057,521,333,166,621,699.17,134.08,"109Y"
,10007,彰化縣,10007070,秀水鄉,10219,5735506,561,361,175,684,761.59,135.69,"109Y"
,10007,彰化縣,10007080,花壇鄉,11893,6648780,559,366,170,672,760.41,136.02,"109Y"
,10007,彰化縣,10007090,芬園鄉,5093,2505057,492,338,170,596,555.29,112.9,"109Y"
,10007,彰化縣,10007130,大村鄉,9264,4929260,532,364,175,639,1013.9,190.55,"109Y"
,10007,彰化縣,10007140,埔鹽鄉,7190,3700947,515,343,160,631,637.33,123.82,"109Y"
,10007,彰化縣,10007150,埔心鄉,8224,4302873,523,356,167,657,593.71,113.47,"109Y"
,10007,彰化縣,10007160,永靖鄉,8087,4247373,525,359,168,647,609.2,115.99,"109Y"
,10007,彰化縣,10007170,社頭鄉,9734,5152450,529,364,173,660,967.53,182.79,"109Y"
,10007,彰化縣,10007180,二水鄉,3096,1612838,521,362,187,669,576.62,110.69,"109Y"
,10007,彰化縣,10007210,田尾鄉,5435,2923376,538,367,169,666,635.93,118.23,"109Y"
,10007,彰化縣,10007220,埤頭鄉,6190,3405643,550,364,177,675,677.85,123.2,"109Y"
,10007,彰化縣,10007230,芳苑鄉,5042,2478255,492,344,177,608,550.2,111.94,"109Y"
,10007,彰化縣,10007240,大城鄉,2336,1206623,517,366,193,643,559.84,108.38,"109Y"
,10007,彰化縣,10007250,竹塘鄉,2458,1334743,543,385,184,696,585.82,107.88,"109Y"
,10007,彰化縣,10007260,溪州鄉,5398,2886636,535,365,175,655,682.45,127.62,"109Y"
X,10007,彰化縣,10007999,其他,12,12093,1008,715,422,1328,982.06,97.45,"109Y"
,10008,南投縣,10008010,南投市,26716,16338611,612,406,199,763,725.14,118.57,"109Y"
,10008,南投縣,10008020,埔里鎮,15425,8293401,538,357,160,677,656.4,122.08,"109Y"
,10008,南投縣,10008030,草屯鎮,24414,14613027,599,397,193,746,711.95,118.94,"109Y"
,10008,南投縣,10008040,竹山鎮,10577,5779339,546,375,177,686,649.92,118.94,"109Y"
,10008,南投縣,10008050,集集鎮,2139,1219055,570,403,184,720,650.92,114.21,"109Y"
,10008,南投縣,10008060,名間鄉,7449,3735833,502,362,177,636,535.36,106.75,"109Y"
,10008,南投縣,10008070,鹿谷鄉,3111,1791853,576,384,201,705,750.83,130.36,"109Y"
,10008,南投縣,10008080,中寮鄉,2596,1243823,479,325,162,598,543.42,113.42,"109Y"
,10008,南投縣,10008090,魚池鄉,2573,1253618,487,324,162,592,622.55,127.78,"109Y"
,10008,南投縣,10008100,國姓鄉,2802,1265325,452,330,159,568,482.21,106.78,"109Y"
,10008,南投縣,10008110,水里鄉,3105,1633318,526,363,173,653,654.98,124.51,"109Y"
,10008,南投縣,10008120,信義鄉,2010,1033177,514,414,221,634,502.41,97.74,"109Y"
,10008,南投縣,10008130,仁愛鄉,1966,981773,499,385,201,621,518.35,103.8,"109Y"
X,10008,南投縣,10008999,其他,3,5386,1795,2254,1461,2359,981.89,54.69,"109Y"
,10009,雲林縣,10009010,斗六市,28606,19172153,670,438,217,835,875.44,130.62,"109Y"
,10009,雲林縣,10009020,斗南鎮,10478,6264911,598,406,203,761,769.77,128.74,"109Y"
,10009,雲林縣,10009030,虎尾鎮,16467,11320496,687,472,224,932,721,104.88,"109Y"
,10009,雲林縣,10009040,西螺鎮,8241,4845238,588,412,195,772,622.93,105.95,"109Y"
,10009,雲林縣,10009050,土庫鎮,5337,3170078,594,412,204,756,635.66,107.02,"109Y"
,10009,雲林縣,10009060,北港鎮,8440,5185521,614,428,196,803,689.04,112.15,"109Y"
,10009,雲林縣,10009070,古坑鄉,6160,3272215,531,366,179,686,619.3,116.58,"109Y"
,10009,雲林縣,10009080,大埤鄉,3524,1873012,532,360,182,664,628.62,118.27,"109Y"
,10009,雲林縣,10009090,莿桐鄉,5934,3161875,533,380,194,662,591,110.91,"109Y"
,10009,雲林縣,10009100,林內鄉,3714,1793791,483,355,188,613,491.94,101.85,"109Y"
,10009,雲林縣,10009110,二崙鄉,4052,2282515,563,400,188,729,663.18,117.73,"109Y"
,10009,雲林縣,10009120,崙背鄉,3970,2402342,605,423,204,784,659.74,109.02,"109Y"
,10009,雲林縣,10009130,麥寮鄉,9706,6297013,649,475,218,888,743.39,114.58,"109Y"
,10009,雲林縣,10009140,東勢鄉,2355,1379333,586,437,211,802,549.83,93.87,"109Y"
,10009,雲林縣,10009150,褒忠鄉,2266,1304086,576,405,198,749,628.76,109.25,"109Y"
,10009,雲林縣,10009160,臺西鄉,3899,2208235,566,430,205,756,568.38,100.36,"109Y"
,10009,雲林縣,10009170,元長鄉,3964,2250609,568,400,184,728,740.14,130.36,"109Y"
,10009,雲林縣,10009180,四湖鄉,3585,1948304,543,400,196,730,529.28,97.39,"109Y"
,10009,雲林縣,10009190,口湖鄉,3982,2121902,533,386,181,688,576.74,108.23,"109Y"
,10009,雲林縣,10009200,水林鄉,3662,1948525,532,381,186,693,563.19,105.84,"109Y"
X,10009,雲林縣,10009999,其他,3,2660,887,566,501,1113,672.04,75.8,"109Y"
,10010,嘉義縣,10010020,朴子市,9075,6047192,666,451,212,848,794.35,119.21,"109Y"
,10010,嘉義縣,10010030,布袋鎮,4467,2411780,540,401,201,697,563.14,104.3,"109Y"
,10010,嘉義縣,10010040,大林鎮,6307,3783582,600,402,199,752,690.84,115.16,"109Y"
,10010,嘉義縣,10010050,民雄鄉,16650,9935567,597,409,197,763,664.33,111.33,"109Y"
,10010,嘉義縣,10010060,溪口鄉,2465,1296555,526,359,178,656,624.32,118.69,"109Y"
,10010,嘉義縣,10010070,新港鄉,6017,3591155,597,424,201,791,624.61,104.65,"109Y"
,10010,嘉義縣,10010080,六腳鄉,3898,2122624,545,397,185,709,575.82,105.74,"109Y"
,10010,嘉義縣,10010090,東石鄉,3205,1581393,493,356,173,639,518.15,105.01,"109Y"
,10010,嘉義縣,10010100,義竹鄉,3211,1780169,554,386,193,719,594.1,107.16,"109Y"
,10010,嘉義縣,10010110,鹿草鄉,2678,1450915,542,396,189,699,554.12,102.28,"109Y"
,10010,嘉義縣,10010010,太保市,8786,5844259,665,465,217,904,754.32,113.4,"109Y"
,10010,嘉義縣,10010120,水上鄉,10582,5784209,547,387,190,706,586.54,107.3,"109Y"
,10010,嘉義縣,10010130,中埔鄉,8352,4482790,537,384,183,694,603.86,112.51,"109Y"
,10010,嘉義縣,10010140,竹崎鄉,5838,3045947,522,369,180,645,597.58,114.54,"109Y"
,10010,嘉義縣,10010150,梅山鄉,2932,1577690,538,393,195,688,572.42,106.38,"109Y"
,10010,嘉義縣,10010160,番路鄉,1745,914773,524,372,162,668,609.45,116.26,"109Y"
,10010,嘉義縣,10010170,大埔鄉,732,367806,502,349,178,613,519,103.29,"109Y"
,10010,嘉義縣,10010180,阿里山鄉,648,329264,508,370,193,613,625.73,123.15,"109Y"
X,10010,嘉義縣,10010999,其他,3,1567,522,644,342,763,434.06,83.11,"109Y"
,10013,屏東縣,10013010,屏東市,50295,31414688,625,434,206,802,720.6,115.37,"109Y"
,10013,屏東縣,10013020,潮州鎮,12379,7212430,583,416,196,752,684.59,117.5,"109Y"
,10013,屏東縣,10013030,東港鎮,9091,5083379,559,397,189,708,643.43,115.07,"109Y"
,10013,屏東縣,10013040,恆春鎮,5065,2704167,534,355,164,651,1379.25,258.34,"109Y"
,10013,屏東縣,10013050,萬丹鄉,10220,5758920,563,404,203,709,712.2,126.39,"109Y"
,10013,屏東縣,10013060,長治鄉,6704,3886597,580,416,193,747,612.9,105.72,"109Y"
,10013,屏東縣,10013070,麟洛鄉,2661,1566784,589,425,204,759,617.8,104.93,"109Y"
,10013,屏東縣,10013080,九如鄉,4137,2206134,533,392,195,691,557.19,104.49,"109Y"
,10013,屏東縣,10013090,里港鄉,4838,2659774,550,397,192,699,646.34,117.57,"109Y"
,10013,屏東縣,10013100,鹽埔鄉,4291,2184410,509,380,186,645,564.52,110.89,"109Y"
,10013,屏東縣,10013110,高樹鄉,3281,1591545,485,359,170,608,555.01,114.42,"109Y"
,10013,屏東縣,10013120,萬巒鄉,3519,1897433,539,396,194,669,662.23,122.82,"109Y"
,10013,屏東縣,10013130,內埔鄉,11100,5920349,533,393,197,682,553.55,103.78,"109Y"
,10013,屏東縣,10013140,竹田鄉,3389,1787744,528,387,188,690,561.67,106.47,"109Y"
,10013,屏東縣,10013150,新埤鄉,1465,716464,489,373,170,647,486.16,99.41,"109Y"
,10013,屏東縣,10013160,枋寮鄉,3952,2012941,509,388,195,657,509.7,100.07,"109Y"
,10013,屏東縣,10013170,新園鄉,6513,3394264,521,379,193,667,540.86,103.78,"109Y"
,10013,屏東縣,10013180,崁頂鄉,2654,1374983,518,386,187,662,558.13,107.73,"109Y"
,10013,屏東縣,10013190,林邊鄉,3085,1675552,543,400,191,711,696.71,128.28,"109Y"
,10013,屏東縣,10013200,南州鄉,2087,1131767,542,405,211,694,597.15,110.12,"109Y"
,10013,屏東縣,10013210,佳冬鄉,3067,1494062,487,364,181,629,521.5,107.05,"109Y"
,10013,屏東縣,10013220,琉球鄉,1757,929232,529,391,173,675,545.63,103.17,"109Y"
,10013,屏東縣,10013230,車城鄉,1242,556121,448,321,163,576,468.57,104.65,"109Y"
,10013,屏東縣,10013240,滿州鄉,1079,491672,456,337,168,581,479.23,105.17,"109Y"
,10013,屏東縣,10013250,枋山鄉,642,303241,472,365,177,613,463.51,98.13,"109Y"
,10013,屏東縣,10013260,三地門鄉,1071,496167,463,393,206,597,412.63,89.07,"109Y"
,10013,屏東縣,10013270,霧臺鄉,539,256496,476,427,209,643,368.89,77.52,"109Y"
,10013,屏東縣,10013280,瑪家鄉,1121,567848,507,427,222,682,436.43,86.16,"109Y"
,10013,屏東縣,10013290,泰武鄉,778,387005,497,431,205,669,426.08,85.66,"109Y"
,10013,屏東縣,10013300,來義鄉,1158,571979,494,401,180,662,484.64,98.12,"109Y"
,10013,屏東縣,10013310,春日鄉,625,324323,519,445,256,665,448.08,86.35,"109Y"
,10013,屏東縣,10013320,獅子鄉,679,345475,509,422,223,696,409.24,80.43,"109Y"
,10013,屏東縣,10013330,牡丹鄉,813,418214,514,416,201,679,473.66,92.08,"109Y"
X,10013,屏東縣,10013999,其他,1,60,60,60,60,60,0,0,"109Y"
,10014,臺東縣,10014010,臺東市,24007,14731959,614,430,206,807,650.67,106.03,"109Y"
,10014,臺東縣,10014020,成功鎮,2037,1021338,501,351,180,612,910.33,181.56,"109Y"
,10014,臺東縣,10014030,關山鎮,1578,841218,533,390,197,650,544.83,102.2,"109Y"
,10014,臺東縣,10014040,卑南鄉,2772,1383901,499,367,186,627,572.59,114.69,"109Y"
,10014,臺東縣,10014100,大武鄉,852,412008,484,374,191,619,467.34,96.64,"109Y"
,10014,臺東縣,10014090,太麻里鄉,1582,761639,481,381,195,604,472.35,98.11,"109Y"
,10014,臺東縣,10014070,東河鄉,1068,536410,502,348,182,609,965.19,192.17,"109Y"
,10014,臺東縣,10014080,長濱鄉,960,415638,433,329,155,559,474.33,109.56,"109Y"
,10014,臺東縣,10014050,鹿野鄉,1165,589134,506,369,182,620,588.27,116.33,"109Y"
,10014,臺東縣,10014060,池上鄉,1264,650879,515,362,174,654,551.22,107.05,"109Y"
,10014,臺東縣,10014110,綠島鄉,926,598741,647,465,202,890,678.72,104.97,"109Y"
,10014,臺東縣,10014130,延平鄉,608,290044,477,394,232,633,401.02,84.06,"109Y"
,10014,臺東縣,10014120,海端鄉,670,321704,480,407,236,629,362.74,75.55,"109Y"
,10014,臺東縣,10014150,達仁鄉,529,268234,507,422,250,636,419.62,82.76,"109Y"
,10014,臺東縣,10014140,金峰鄉,577,288885,501,419,234,664,395.36,78.97,"109Y"
,10014,臺東縣,10014160,蘭嶼鄉,865,458622,530,394,181,729,549.62,103.66,"109Y"
X,10014,臺東縣,10014999,其他,1,2,2,2,2,2,0,0,"109Y"
,10015,花蓮縣,10015010,花蓮市,27569,17713735,643,424,200,819,772.9,120.29,"109Y"
,10015,花蓮縣,10015070,光復鄉,2264,1074732,475,352,182,593,487.87,102.77,"109Y"
,10015,花蓮縣,10015030,玉里鎮,4378,2366898,541,370,179,676,642.38,118.82,"109Y"
,10015,花蓮縣,10015040,新城鄉,4891,2738875,560,415,196,733,600.06,107.16,"109Y"
,10015,花蓮縣,10015050,吉安鄉,22400,13218779,590,409,197,762,657.86,111.48,"109Y"
,10015,花蓮縣,10015060,壽豐鄉,3456,1769446,512,357,177,609,640.27,125.05,"109Y"
,10015,花蓮縣,10015020,鳳林鎮,2161,1105396,512,373,184,667,543.73,106.3,"109Y"
,10015,花蓮縣,10015080,豐濱鄉,665,261237,393,322,148,500,410.98,104.62,"109Y"
,10015,花蓮縣,10015090,瑞穗鄉,1875,916429,489,351,170,601,616.39,126.11,"109Y"
,10015,花蓮縣,10015100,富里鄉,1518,696089,459,330,166,580,484.79,105.72,"109Y"
,10015,花蓮縣,10015110,秀林鄉,3184,1405155,441,364,177,568,404.8,91.73,"109Y"
,10015,花蓮縣,10015120,萬榮鄉,1209,491073,406,334,182,520,347.71,85.6,"109Y"
,10015,花蓮縣,10015130,卓溪鄉,1044,455126,436,379,209,566,332.95,76.37,"109Y"
X,10015,花蓮縣,10015999,其他,2,878,439,439,357,521,232.89,53.07,"109Y"
,10016,澎湖縣,10016010,馬公市,17557,12588805,717,546,281,931,723.82,100.95,"109Y"
,10016,澎湖縣,10016020,湖西鄉,3833,2335691,609,492,259,774,537.06,88.14,"109Y"
,10016,澎湖縣,10016030,白沙鄉,1975,1168496,592,472,222,749,563.82,95.3,"109Y"
,10016,澎湖縣,10016040,西嶼鄉,1469,906523,617,472,222,807,655.54,106.23,"109Y"
,10016,澎湖縣,10016050,望安鄉,1189,737959,621,491,222,836,597.75,96.31,"109Y"
,10016,澎湖縣,10016060,七美鄉,797,541964,680,518,249,871,816.31,120.04,"109Y"
X,10016,澎湖縣,10016999,其他,1,1000,1000,1000,1000,1000,0,0,"109Y"
,10017,基隆市,10017010,中正區,14123,7924668,561,386,194,724,655.15,116.76,"109Y"
,10017,基隆市,10017020,七堵區,16410,9459458,576,387,193,723,699.98,121.43,"109Y"
,10017,基隆市,10017030,暖暖區,11799,6929318,587,393,195,741,715.89,121.9,"109Y"
,10017,基隆市,10017040,仁愛區,11428,7231694,633,416,201,816,732.19,115.7,"109Y"
,10017,基隆市,10017050,中山區,12950,7155089,553,385,198,701,607.35,109.92,"109Y"
,10017,基隆市,10017060,安樂區,25215,16493785,654,434,213,841,789.31,120.67,"109Y"
,10017,基隆市,10017070,信義區,16527,10370581,627,423,204,802,734.46,117.05,"109Y"
X,10017,基隆市,10017999,其他,5,4544,909,186,14,1033,1408.53,155,"109Y"
,10018,新竹市,10018010,東區,67144,94805228,1412,741,297,1828,2266.21,160.5,"109Y"
,10018,新竹市,10018020,北區,45155,39887419,883,507,230,1054,1445.57,163.65,"109Y"
,10018,新竹市,10018030,香山區,23613,18528539,785,471,222,964,1131.84,144.24,"109Y"
X,10018,新竹市,10018999,其他,1,14854,14854,14854,14854,14854,0,0,"109Y"
,10020,嘉義市,10020010,東區,32012,23519421,735,465,213,925,949.85,129.28,"109Y"
,10020,嘉義市,10020020,西區,36057,24043664,667,439,203,860,783.31,117.47,"109Y"
X,10020,嘉義市,10020999,其他,4,2829,707,784,592,899,270.99,38.32,"109Y"
,09020,金門縣,09020010,金城鎮,13318,9877205,742,533,248,980,819.59,110.51,"109Y"
,09020,金門縣,09020040,金寧鄉,9713,6773834,697,497,239,898,787.48,112.92,"109Y"
,09020,金門縣,09020030,金湖鎮,9630,7027562,730,542,268,916,837.93,114.82,"109Y"
,09020,金門縣,09020020,金沙鎮,6207,4265300,687,493,241,876,752.67,109.53,"109Y"
,09020,金門縣,09020050,烈嶼鄉,3837,2570497,670,495,247,832,746.46,111.42,"109Y"
,09020,金門縣,09020060,烏坵鄉,205,147673,720,580,302,1002,595.44,82.66,"109Y"
X,09020,金門縣,09020999,其他,2,662,331,331,329,332,4.36,1.32,"109Y"
,09007,連江縣,09007010,南竿鄉,2669,2155086,807,627,341,1042,755.36,93.55,"109Y"
,09007,連江縣,09007020,北竿鄉,886,617996,698,530,303,874,625.63,89.7,"109Y"
,09007,連江縣,09007030,莒光鄉,531,422237,795,613,350,997,718.12,90.31,"109Y"
,09007,連江縣,09007040,東引鄉,592,436789,738,650,418,920,531.77,72.07,"109Y"
